"id","publication_year","first_author","display_name","Label"
"https://openalex.org/W1022946631","1983","John Hart Ely","Democracy and Distrust","Ely, 1983"
"https://openalex.org/W104357497","1996","Scott Brewer","Exemplary Reasoning: Semantics, Pragmatics, and the Rational Force of Legal Argument by Analogy","Brewer, 1996"
"https://openalex.org/W105723337","2002","Ronald Dworkin","Thirty Years on","Dworkin, 2002"
"https://openalex.org/W107842537","2010","Jonathan Quong","Liberalism without Perfection","Quong, 2010"
"https://openalex.org/W109677913","2006","Jeremy Waldron","The Core of the Case against Judicial Review","Waldron, 2006"
"https://openalex.org/W117217249","1974","Edward B. Arnolds","The Defense of Necessity in Criminal Law: The Right to Choose the Lesser Evil","Arnolds, 1974"
"https://openalex.org/W121887062","1992","Randy E. Barnett","The Sound of Silence: Default Rules and Contractual Consent","Barnett, 1992"
"https://openalex.org/W12585591","1958","Hart","The Aims of the Criminal Law","Hart, 1958"
"https://openalex.org/W127338104","1999","Bernard E. Harcourt","The Collapse of the Harm Principle","Harcourt, 1999"
"https://openalex.org/W136591480","1996","Jeremy Waldron","Kant's Legal Positivism","Waldron, 1996"
"https://openalex.org/W138458895","1949","Lon L. Fuller","The Case of the Speluncean Explorers","Fuller, 1949"
"https://openalex.org/W1450459739","1991","Michael T. Hartney","Some Confusions Concerning Collective Rights","Hartney, 1991"
"https://openalex.org/W1469191350","1992","Larry Alexander","What Makes Wrongful Discrimination Wrong? Biases, Preferences, Stereotypes, and Proxies","Alexander, 1992"
"https://openalex.org/W1483374326","2000",NA,"Sovereign virtue: the theory and practice of equality","NA, 2000"
"https://openalex.org/W1485501857","1934","Hans Kelsen","Pure Theory of Law","Kelsen, 1934"
"https://openalex.org/W1485874378","1995","Ernest J. Weinrib","The Idea of Private Law","Weinrib, 1995"
"https://openalex.org/W1488611786","1984","Ronald Dworkin","Los derechos en serio","Dworkin, 1984"
"https://openalex.org/W1489372415","1968","H. L. A. Hart","Punishment and responsibility","Hart, 1968"
"https://openalex.org/W1490967561","1980","Anthony T. Kronman","Contract Law and Distributive Justice","Kronman, 1980"
"https://openalex.org/W1495885934","2010","Sophia Moreau","What Is Discrimination?","Moreau, 2010"
"https://openalex.org/W1497647472","2005","Nicola Lacey","PUNISHMENT, COMMUNICATION AND COMMUNITY","Lacey, 2005"
"https://openalex.org/W1499476502","2001","T. R. S. Allan","Constitutional Justice: A Liberal Theory of the Rule of Law","Allan, 2001"
"https://openalex.org/W1502108759","2000","Mark Tushnet","Taking the Constitution Away from the Courts","Tushnet, 2000"
"https://openalex.org/W1503906844","2009","Andrew Altman","A Liberal Theory of International Justice","Altman, 2009"
"https://openalex.org/W1504060166","1881","Oliver Wendell Holmes","The Common Law","Holmes, 1881"
"https://openalex.org/W1504314083","2003","Claire Oakes Finkelstein","Is Risk a Harm?","Finkelstein, 2003"
"https://openalex.org/W1504374584","2008","Joseph Raz","Can There be a Theory of Law?","Raz, 2008"
"https://openalex.org/W1506104239","2004","John Collins","Causation and Counterfactuals","Collins, 2004"
"https://openalex.org/W1506680948","2005","Terence Anderson","Analysis of Evidence","Anderson, 2005"
"https://openalex.org/W1512084092","2009","Jeff McMahan","INTENTION, PERMISSIBILITY, TERRORISM, AND WAR","Mahan, 2009"
"https://openalex.org/W1514428340","1999","Michael E. Bratman","Faces of Intention","Bratman, 1999"
"https://openalex.org/W1514637386","1997","Henry Prakken","Logical Tools for Modelling Legal Argument","Prakken, 1997"
"https://openalex.org/W1518929111","2004","Jules L. Coleman","The Oxford Handbook of Jurisprudence and Philosophy of Law","Coleman, 2004"
"https://openalex.org/W1519668286","1981","Carlos E. Alchourrón","The Expressive Conception of Norms","NA, 1981"
"https://openalex.org/W1520467851","2011","Dana Kay Nelkin","Making Sense of Freedom and Responsibility","Nelkin, 2011"
"https://openalex.org/W1522342316","2002","Robert Alexy","A Theory of Constitutional Rights","Alexy, 2002"
"https://openalex.org/W1523838136","2019","Gerald J. Postema","Bentham and the Common Law Tradition","Postema, 2019"
"https://openalex.org/W1524162620","2009","Bardo Fassbender","The United Nations Charter as the Constitution of the International Community","Fassbender, 2009"
"https://openalex.org/W1527018558","2001","Jules L. Coleman","The Practice of Principle: In Defence of a Pragmatist Approach to Legal Theory","Coleman, 2001"
"https://openalex.org/W1528399442","2012","Patrick Tomlin","Extending the Golden Thread? Criminalisation and the Presumption of Innocence*","Tomlin, 2012"
"https://openalex.org/W1529277309","1983","H. L. A. Hart","Essays in Jurisprudence and Philosophy","Hart, 1983"
"https://openalex.org/W1533067089","2004","Martin P. Golding","The Blackwell Guide to the Philosophy of Law and Legal Theory","Golding, 2004"
"https://openalex.org/W1533150963","2004","Crawford L. Elder","Real Natures and Familiar Objects","Elder, 2004"
"https://openalex.org/W1536162307","2002","Stanley L. Paulson","The argument from injustice : a reply to legal positivism","Paulson, 2002"
"https://openalex.org/W1539274691","1996",NA,"Freedom's law: the moral reading of the American Constitution","NA, 1996"
"https://openalex.org/W1539454026","2004","Gideon Rosen","Skepticism about Moral Responsibility","Rosen, 2004"
"https://openalex.org/W1540195487","2002","Michael J. Zimmerman","Taking Luck Seriously","Zimmerman, 2002"
"https://openalex.org/W1541703906","2001","Derk Pereboom","Living without Free Will","Pereboom, 2001"
"https://openalex.org/W1544949079","1999","Jeremy Waldron","The dignity of legislation","Waldron, 1999"
"https://openalex.org/W1547717991","1994","Jeremy Waldron","Vagueness in Law and Language: Some Philosophical Issues","Waldron, 1994"
"https://openalex.org/W1547775889","2014","Daniel Viehoff","Democratic Equality and Political Authority","Viehoff, 2014"
"https://openalex.org/W1547788921","1961","Guido Calabresi","Some Thoughts on Risk Distribution and the Law of Torts","Calabresi, 1961"
"https://openalex.org/W1548654059","1994","Andrew von Hirsch","Censure and sanctions","Hirsch, 1994"
"https://openalex.org/W1550427443","1991","Christopher W. Morris","Punishment and Loss of Moral Standing","Morris, 1991"
"https://openalex.org/W1557385649","1917","Wesley Newcomb Hohfeld","Fundamental Legal Conceptions as Applied in Judicial Reasoning","Hohfeld, 1917"
"https://openalex.org/W1558461042","2005","Andrei Marmor","Interpretation and Legal Theory","Marmor, 2005"
"https://openalex.org/W1560170356","2001","Richard Fumerton","Causation and the Law: Preemption, Lawful Sufficiency, and Causal Sufficiency","Fumerton, 2001"
"https://openalex.org/W1563041628","1975","Guido Calabresi","Concerning Cause and the Law of Torts: An Essay for Harry Kalven, Jr.","Calabresi, 1975"
"https://openalex.org/W1563201617","1959","Alf Ross","On law and justice","Ross, 1959"
"https://openalex.org/W1563715884","2007","Wilfrid J. Waluchow","A common law theory of judicial review: the living tree","Waluchow, 2007"
"https://openalex.org/W1564062619","1989","Robert Alexy","A Theory of Legal Argumentation: The Theory of Rational Discourse as Theory of Legal Justification","Alexy, 1989"
"https://openalex.org/W1565174900","1991","Hans Kelsen","General Theory of Norms","Kelsen, 1991"
"https://openalex.org/W1568392343","1999","Matthew H. Kramer","In Defense of Legal Positivism: Law without Trimmings","Kramer, 1999"
"https://openalex.org/W1571603731","1931","John P. Frank","Law and the modern mind","Frank, 1931"
"https://openalex.org/W1578179010","2004","Robert M. Sapolsky","The frontal cortex and the criminal justice system","Sapolsky, 2004"
"https://openalex.org/W1580510701","2004","David M. Beatty","The Ultimate Rule of Law","Beatty, 2004"
"https://openalex.org/W1582040817","2012","David Enoch","Statistical Evidence, Sensitivity, and the Legal Value of Knowledge","Enoch, 2012"
"https://openalex.org/W1582197671","2011","Ronald Dworkin","Justice for Hedgehogs","Dworkin, 2011"
"https://openalex.org/W1590467032","1996","Dan M. Kahan","Two Conceptions of Emotion in Criminal Law","Kahan, 1996"
"https://openalex.org/W1592795557","1987","Jeffrie G. Murphy","Does Kant Have a Theory of Punishment?","Murphy, 1987"
"https://openalex.org/W1594094994","1982","Owen M. Fiss","Objectivity and Interpretation","Fiss, 1982"
"https://openalex.org/W1595012795","2017","John Austin","The Province of Jurisprudence Determined","Austin, 2017"
"https://openalex.org/W1597362725","1996","Cass R. Sunstein","Legal reasoning and political conflict","Sunstein, 1996"
"https://openalex.org/W1598548519","2011","Joseph Raz","From Normativity to Responsibility","Raz, 2011"
"https://openalex.org/W1603082488","2007","George Letsas","A Theory of Interpretation of the European Convention on Human Rights","Letsas, 2007"
"https://openalex.org/W1606436076","2004","Daniel Markovits","Contract and Collaboration","Markovits, 2004"
"https://openalex.org/W1711204715","2010","R. Jay Wallace","Hypocrisy, Moral Address, and the Equal Standing of Persons","Wallace, 2010"
"https://openalex.org/W173038773","2000","Frank Jackson","From Metaphysics to Ethics","Jackson, 2000"
"https://openalex.org/W174389237","1993","Cass R. Sunstein","On Analogical Reasoning","Sunstein, 1993"
"https://openalex.org/W1754088298","2001","Thomas W. Merrill","What Happened to Property in Law and Economics?","Merrill, 2001"
"https://openalex.org/W175463262","1970","Joseph Raz","The concept of a legal system","Raz, 1970"
"https://openalex.org/W1780578637","1994","George P. Fletcher","On the Moral Irrelevance of Bodily Movements","Fletcher, 1994"
"https://openalex.org/W1783030812","1989",NA,"The authority of the State","NA, 1989"
"https://openalex.org/W1814366986","1991","Leslie Green","Two Views of Collective Rights","Green, 1991"
"https://openalex.org/W181618895","1986","Neil MacCormick","An Institutional Theory of Law","Cormick, 1986"
"https://openalex.org/W1843303664","2009","Grégoire Webber","The Negotiable Constitution: On the Limitation of Rights","Webber, 2009"
"https://openalex.org/W1846881622","2007","Richard Bellamy","Political Constitutionalism: A Republican Defence of the Constitutionality of Democracy","Bellamy, 2007"
"https://openalex.org/W1858207329","2009","Jan Klabbers","The Constitutionalization of International Law","Klabbers, 2009"
"https://openalex.org/W1861011270","2010","Martin Loughlin","Foundations of Public Law","Loughlin, 2010"
"https://openalex.org/W1898777572","2011","Nico Krisch","Who is Afraid of Radical Pluralism? Legal Order and Political Stability in the Postnational Space*","Krisch, 2011"
"https://openalex.org/W1899358847","2010","Arthur Isak Applbaum","Legitimacy without the Duty to Obey","Applbaum, 2010"
"https://openalex.org/W1915762082","2000","Thomas W. Merrill","Optimal Standardization in the Law of Property: The Numerus Clausus Principle","Merrill, 2000"
"https://openalex.org/W1949741859","2013","Dana Kay Nelkin","So Close, Yet So Far: Why Solutions to the Closeness Problem for the Doctrine of Double Effect Fall Short","Nelkin, 2013"
"https://openalex.org/W1962176859","2008","Larry Alexander","Demystifying Legal Reasoning","Alexander, 2008"
"https://openalex.org/W1963995633","1984","Michael E. Bratman","Two Faces of Intention","Bratman, 1984"
"https://openalex.org/W1965823236","1987","Stephen R. Perry","JUDICIAL OBLIGATION, PRECEDENT AND THE COMMON LAW","Perry, 1987"
"https://openalex.org/W1967015803","2008","David Lewis","Are we free to break the laws?","Lewis, 2008"
"https://openalex.org/W1967124739","1996","Larry Alexander","The Moral Magic of Consent (II)","Alexander, 1996"
"https://openalex.org/W1967260891","1997","Prosenjit Bose","The Good of Marriage and the Morality of Sexual Relations: Some Philosophical and Historical Observations","Bose, 1997"
"https://openalex.org/W1967450494","2007","Melanie Beres","‘Spontaneous’ Sexual Consent: An Analysis of Sexual Consent Literature","Beres, 2007"
"https://openalex.org/W1968094512","1992","Eugenio Bulygin","On norms of competence","Bulygin, 1992"
"https://openalex.org/W1971827776","2006","George Letsas","Two Concepts of the Margin of Appreciation","Letsas, 2006"
"https://openalex.org/W1972471114","2010","Rainer Forst","The Justification of Human Rights and the Basic Right to Justification: A Reflexive Approach","Forst, 2010"
"https://openalex.org/W1974237129","1993","John Martin Fischer","Quinn on Double Effect: The Problem of ""Closeness""","Fischer, 1993"
"https://openalex.org/W1974412448","2010","Matthew J. Kramer","Refining the Interest Theory of Rights","Kramer, 2010"
"https://openalex.org/W1975154664","2013","T. M. Scanlon","Giving desert its due","Scanlon, 2013"
"https://openalex.org/W1975192395","1999","Robert P. George","In Defense of Natural Law","George, 1999"
"https://openalex.org/W1975710200","1981","A. John Simmons","Moral Principles and Political Obligations.","Simmons, 1981"
"https://openalex.org/W1975824152","2008","Andrei Marmor","The Pragmatics of Legal Language","Marmor, 2008"
"https://openalex.org/W1975959592","1968","Herbert Morris","Persons and Punishment","Morris, 1968"
"https://openalex.org/W1976083926","1979","J. A. G. Griffith","The Political Constitution*","Griffith, 1979"
"https://openalex.org/W1976156251","2010","R. A. Duff","BLAME, MORAL STANDING AND THE LEGITIMACY OF THE CRIMINAL TRIAL","Duff, 2010"
"https://openalex.org/W1976214767","1998","R. A. Duff","Law, language and community: some preconditions of criminal liability","Duff, 1998"
"https://openalex.org/W1976613925","1987","Michael J. Zimmerman","Luck and Moral Responsibility","Zimmerman, 1987"
"https://openalex.org/W1976729917","2001","Phil Dowe","A Counterfactual Theory of Prevention and 'Causation' by Omission","Dowe, 2001"
"https://openalex.org/W1977927756","2008","Heidi L. Maibom","The Mad, the Bad, and the Psychopath","Maibom, 2008"
"https://openalex.org/W1979758634","2006","Matt Matravers","‘Who’s Still Standing?’ A Comment on Antony Duff’s Preconditions of Criminal Liability","Matravers, 2006"
"https://openalex.org/W1980315820","2004","Ronald Dworkin","Hart's Postscript and the Character of Political Philosophy","Dworkin, 2004"
"https://openalex.org/W1980782361","1974","Richard A. Epstein","Defenses and Subsequent Pleas in a System of Strict Liability","Epstein, 1974"
"https://openalex.org/W1981074040","2006","William J. FitzPatrick","The Intend/Foresee Distinction and the Problem of “Closeness”","Patrick, 2006"
"https://openalex.org/W1981788994","1990","James Thomson","The Realm of Rights","Thomson, 1990"
"https://openalex.org/W1982523722","1971","D. N. MacCormick","The Concept of a Legal System: An Introduction to the Theory of Legal System.","Cormick, 1971"
"https://openalex.org/W1982651933","1984","Peter A. French","Collective and Corporate Responsibility","French, 1984"
"https://openalex.org/W1983025967","2012","Christopher Heath Wellman","The Rights Forfeiture Theory of Punishment","Wellman, 2012"
"https://openalex.org/W1983699023","1990","Robert B. Thigpen","Liberalism, Community, and Culture","Thigpen, 1990"
"https://openalex.org/W1984025373","2005","Aaron James","Constructing Justice for Existing Practice: Rawls and the Status Quo","James, 2005"
"https://openalex.org/W1984999953","2012","Dana Kay Nelkin","Three Cheers for Double Effect","Nelkin, 2012"
"https://openalex.org/W1985968075","1982","Jules L. Coleman","Negative and Positive Positivism","Coleman, 1982"
"https://openalex.org/W1986739574","1992","Stanley L. Paulson","The Neo-Kantian Dimension of Kelsen's Pure Theory of Law","Paulson, 1992"
"https://openalex.org/W1987468100","1969","Lon L. Fuller","Human Interaction and the Law","Fuller, 1969"
"https://openalex.org/W1987984014","2009","Helen Frowe","A Practical Account of Self-Defence","Frowe, 2009"
"https://openalex.org/W1988208978","1989","Will Kymlicka","Liberal Individualism and Liberal Neutrality","Kymlicka, 1989"
"https://openalex.org/W198849153","1972","Neil MacCormick","Voluntary Obligations and Normative Powers","Cormick, 1972"
"https://openalex.org/W1989374108","2005","Gopal Sreenivasan","A Hybrid Theory of Claim-Rights","Sreenivasan, 2005"
"https://openalex.org/W1990328343","1982","Gerald J. Postema","Coordination and Convention at the Foundations of Law","Postema, 1982"
"https://openalex.org/W1990362375","2007","N. E. Simmonds","Law as a Moral Idea","Simmonds, 2007"
"https://openalex.org/W1990904714","1994","Louis Kaplow","Why the Legal System Is Less Efficient than the Income Tax in Redistributing Income","Kaplow, 1994"
"https://openalex.org/W1990990149","1989","Wojciech Sadurski","Theory of punishment, social justice, and liberal neutrality","Sadurski, 1989"
"https://openalex.org/W1994326792","2003","Amie L. Thomasson","Realism and Human Kinds","Thomasson, 2003"
"https://openalex.org/W1994534805","1988","Glanville Williams","The Logic of “Exceptions”","Williams, 1988"
"https://openalex.org/W1996138251","2004","Whitley Kaufman","Is there a “right” to self‐defense?","Kaufman, 2004"
"https://openalex.org/W1996659825","1997","Stephen Macedo","In Defense of Liberal Public Reason: are Slavery and Abortion Hard Cases?","Macedo, 1997"
"https://openalex.org/W1997782454","2001","Alison McIntyre","Doing Away with Double Effect","Intyre, 2001"
"https://openalex.org/W1999165976","2004","T. R. S. Allan","LEGISLATIVE SUPREMACY AND LEGISLATIVE INTENTION: INTERPRETATION, MEANING, AND AUTHORITY","Allan, 2004"
"https://openalex.org/W1999532401","1998","Jules L. Coleman","Incorporationism, Conventionality, and the Practical Difference Thesis","Coleman, 1998"
"https://openalex.org/W200124229","1971","Laurence H. Tribe","Trial by Mathematics: Precision and Ritual in the Legal Process","Tribe, 1971"
"https://openalex.org/W2001282989","1993","Richard Dagger","Playing Fair with Punishment","Dagger, 1993"
"https://openalex.org/W2001594127","2006","Pamela Hieronymi","Responsibility for believing","Hieronymi, 2006"
"https://openalex.org/W2002788212","1999","John Braithwaite","Restorative Justice: Assessing Optimistic and Pessimistic Accounts","Braithwaite, 1999"
"https://openalex.org/W2004265956","2005","Douglas Husak","On the Supposed Priority of Justification to Excuse","Husak, 2005"
"https://openalex.org/W2006291010","1993","Jeremy Horder","Criminal culpability: The possibility of a general theory","Horder, 1993"
"https://openalex.org/W2008168692","2009","Matt King","The Problem with Negligence","King, 2009"
"https://openalex.org/W2009243336","1994","Galen Strawson","The impossibility of moral responsibility","Strawson, 1994"
"https://openalex.org/W2009439209","2013","Robert Alexy","Some Reflections on the Ideal Dimension of Law and on the Legal Philosophy of John Finnis","Alexy, 2013"
"https://openalex.org/W2009596531","1994","Jeff McMahan","Self-Defense and the Problem of the Innocent Attacker","Mahan, 1994"
"https://openalex.org/W2009741018","1990","Robert Alexy","The Concept of Coherence and Its Significance for Discursive Rationality","Alexy, 1990"
"https://openalex.org/W2009896285","2010","Frederick Schauer","Was Austin Right After All? On the Role of Sanctions in a Theory of Law","Schauer, 2010"
"https://openalex.org/W2010849541","1993","Robert W. Summers","A Formal Theory of the Rule of Law*","Summers, 1993"
"https://openalex.org/W2011498050","2007","David Shoemaker","Moral Address, Moral Responsibility, and the Boundaries of the Moral Community","Shoemaker, 2007"
"https://openalex.org/W2012297130","2003","Jürgen Habermas","On Law and Disagreement. Some Comments on ""Interpretative Pluralism""","Habermas, 2003"
"https://openalex.org/W2012751363","1998","Neil MacCormick","Review article. Risking constitutional collision in Europe?","Cormick, 1998"
"https://openalex.org/W2013396264","1993","Neil MacCormick","Beyond the Sovereign State","Cormick, 1993"
"https://openalex.org/W2014010033","1983","Leslie Green","LAW, CO-ORDINATION AND THE COMMON GOOD","Green, 1983"
"https://openalex.org/W2014772536","2012","David Plunkett","A POSITIVIST ROUTE FOR EXPLAINING HOW FACTS MAKE LAW","Plunkett, 2012"
"https://openalex.org/W2016325035","2007","Lucia Zedner","Pre-crime and post-criminology?","Zedner, 2007"
"https://openalex.org/W2016826192","1983","John Finnis","Natural Law and Natural Rights.","Finnis, 1983"
"https://openalex.org/W2018150336","2002","Jeremy Waldron","Is the Rule of Law an Essentially Contested Concept (In Florida)?","Waldron, 2002"
"https://openalex.org/W2018986083","1976","Albin Eser","Justification and Excuse","Eser, 1976"
"https://openalex.org/W2021695404","1996","Ronald Dworkin","Objectivity and Truth: You'd Better Believe It","Dworkin, 1996"
"https://openalex.org/W2022049923","1979","John Borgo","Causal Paradigms in Tort Law","Borgo, 1979"
"https://openalex.org/W2022829934","2012","Neil Levy","Skepticism and Sanction: The Benefits of Rejecting Moral Responsibility","Levy, 2012"
"https://openalex.org/W2023238833","1982","Gordon L. Brady","Social Justice in the Liberal State","Brady, 1982"
"https://openalex.org/W2023270709","1997","Michael J. Zimmerman","Moral Responsibility and Ignorance","Zimmerman, 1997"
"https://openalex.org/W2024102269","1996","Henry Prakken","A dialectical model of assessing conflicting arguments in legal reasoning","Prakken, 1996"
"https://openalex.org/W2024318497","2003","Trevor Bench-Capon","A model of legal reasoning with cases incorporating theories and values","Capon, 2003"
"https://openalex.org/W2025294665","2002","Allen Buchanan","Political Legitimacy and Democracy","Buchanan, 2002"
"https://openalex.org/W2026133433","1970","Joel Feinberg","The nature and value of rights","Feinberg, 1970"
"https://openalex.org/W2027019383","2007","Andrew Ashworth","Defending the Criminal Law: Reflections on the Changing Character of Crime, Procedure, and Sanctions","Ashworth, 2007"
"https://openalex.org/W2027539909","2003","Niko Kolodny","Promises and Practices Revisited","Kolodny, 2003"
"https://openalex.org/W2028501282","2001","Jürgen Habermas","Constitutional Democracy","Habermas, 2001"
"https://openalex.org/W2029888259","1970","Jeremy Bentham","Of laws in general","Bentham, 1970"
"https://openalex.org/W2030110443","2012","Peter Chau","Duff on the Legitimacy of Punishment of Socially Deprived Offenders","Chau, 2012"
"https://openalex.org/W2032902905","2004","Thomas Christiano","The Authority of Democracy*","Christiano, 2004"
"https://openalex.org/W2032998746","1989","Lois Pineau","Date rape: A feminist analysis","Pineau, 1989"
"https://openalex.org/W2034234218","1998","Susan J. Brison","The Autonomy Defense of Free Speech","Brison, 1998"
"https://openalex.org/W2034903527","2002","Christopher Bennett","The Varieties of Retributive Experience","Bennett, 2002"
"https://openalex.org/W2035148892","2000","Scott Shapiro","LAW, MORALITY, AND THE GUIDANCE OF CONDUCT","Shapiro, 2000"
"https://openalex.org/W2037679771","1999","James Thomson","Physician‐Assisted Suicide: Two Moral Arguments","Thomson, 1999"
"https://openalex.org/W2038041537","1973","Richard A. Epstein","A Theory of Strict Liability","Epstein, 1973"
"https://openalex.org/W2038608783","1977","Randy E. Barnett","Restitution: A New Paradigm of Criminal Justice","Barnett, 1977"
"https://openalex.org/W2038692525","1986","Michael Davis","Why attempts deserve less punishment than complete crimes","Davis, 1986"
"https://openalex.org/W2038736395","2007","Danny Scoccia","In Defense of Hard Paternalism","Scoccia, 2007"
"https://openalex.org/W2039168968","1982","R. M. Hare","Moral Thinking: Its Levels, Methods and Point","Hare, 1982"
"https://openalex.org/W2039237131","2008","Robert Alexy","On the Concept and the Nature of Law","Alexy, 2008"
"https://openalex.org/W2039676139","1981","Phillip Montague","Self-defense and choosing between lives","Montague, 1981"
"https://openalex.org/W2039760166","1983","Michael Davis","How to Make the Punishment Fit the Crime","Davis, 1983"
"https://openalex.org/W2039981008","2007","Dieter Grimm","Proportionality in Canadian and German Constitutional Jurisprudence","Grimm, 2007"
"https://openalex.org/W2040207198","1980","Ralph McInerny","The Principles of Natural Law","Inerny, 1980"
"https://openalex.org/W2040210902","1972","Richard A. Posner","A Theory of Negligence","Posner, 1972"
"https://openalex.org/W2040525195","1968","Norman Malcolm","The Conceivability of Mechanism","Malcolm, 1968"
"https://openalex.org/W2040603703","1991","Andrew von Hirsch","Gauging Criminal Harm: A Living-Standard Analysis","Hirsch, 1991"
"https://openalex.org/W2041009095","1999","David Copp","The Idea of a Legitimate State","Copp, 1999"
"https://openalex.org/W2041466501","1984","Joseph Raz","HART ON MORAL RIGHTS AND LEGAL DUTIES","Raz, 1984"
"https://openalex.org/W2041607960","1986","Joseph Raz","The Morality of Freedom","Raz, 1986"
"https://openalex.org/W2041824782","2007","David Lefkowitz","On a Moral Right to Civil Disobedience","Lefkowitz, 2007"
"https://openalex.org/W2041839855","1937","Fred Cohen","THE PROBLEMS OF A FUNCTIONAL JURISPRUDENCE","Cohen, 1937"
"https://openalex.org/W204205356","1989","Douglas Husak","Justifications and the Criminal Liability of Accessories","Husak, 1989"
"https://openalex.org/W2042727912","2003","Scott Hershovitz","LEGITIMACY, DEMOCRACY, AND RAZIAN AUTHORITY","Hershovitz, 2003"
"https://openalex.org/W2044376112","1993","Michael Davis","Criminal desert and unfair advantage: What's the connection?","Davis, 1993"
"https://openalex.org/W2044818626","2005","Angela M. Smith","Responsibility for Attitudes: Activity and Passivity in Mental Life","Smith, 2005"
"https://openalex.org/W2044908625","1998","John Martin Fischer","Responsibility and Control","Fischer, 1998"
"https://openalex.org/W2045052834","1994","Jeremy Waldron","Freeman's defense of Judicial Review","Waldron, 1994"
"https://openalex.org/W2045151352","2011","Saul Smilansky","Hard Determinism and Punishment: A Practical Reductio","Smilansky, 2011"
"https://openalex.org/W2045298523","1980","Anthony Skillen","How to Say Things with Walls","Skillen, 1980"
"https://openalex.org/W2045381010","1992","Will Kymlicka","The Rights of Minority Cultures","Kymlicka, 1992"
"https://openalex.org/W2045894209","2006","James Lenman","Compatibilism and Contractualism: The Possibility of Moral Responsibility","Lenman, 2006"
"https://openalex.org/W2047304938","1995","Stanley L. Paulson","Radbruch on Unjust Laws: Competing Earlier and Later Views?","Paulson, 1995"
"https://openalex.org/W2047661196","2001","Christopher Heath Wellman","Toward a Liberal Theory of Political Obligation","Wellman, 2001"
"https://openalex.org/W2048636620","2005","Leif Wenar","The Nature of Rights","Wenar, 2005"
"https://openalex.org/W2049126431","2010","Zachary Hoskins","Fair Play, Political Obligation, and Punishment","Hoskins, 2010"
"https://openalex.org/W2049352959","2012","Robert J. Simpson","Dignity, Harm, and Hate Speech","Simpson, 2012"
"https://openalex.org/W2050227612","1979","David Fair","Causation and the flow of energy","Fair, 1979"
"https://openalex.org/W2051892360","1998","Scott Shapiro","On Hart's Way Out","Shapiro, 1998"
"https://openalex.org/W2051895896","2000","Grant Lamond","The coerciveness of law","Lamond, 2000"
"https://openalex.org/W2052671436","2011","Holly M. Smith","Non-Tracing Cases of Culpable Ignorance","Smith, 2011"
"https://openalex.org/W2053588557","2004","Christopher Heath Wellman","POLITICAL OBLIGATION AND THE PARTICULARITY REQUIREMENT","Wellman, 2004"
"https://openalex.org/W2053800960","1984","Joseph Raz","On the Nature of Rights","Raz, 1984"
"https://openalex.org/W2054081676","2005","Thomas Nagel","The Problem of Global Justice","Nagel, 2005"
"https://openalex.org/W2055157079","1980","Jr. Joseph M. Boyle","Toward Understanding the Principle of Double Effect","Boyle, 1980"
"https://openalex.org/W2055244532","1974","Joseph Raz","Kelsen's theory of the Basic Norm","Raz, 1974"
"https://openalex.org/W2057140318","2007","Christopher F. Zurn","Deliberative Democracy and the Institutions of Judicial Review","Zurn, 2007"
"https://openalex.org/W2058150518","1964","Lon L. Fuller","The morality of law","Fuller, 1964"
"https://openalex.org/W2060483271","2006","Gustav Radbruch","Statutory Lawlessness and Supra-Statutory Law (1946)","Radbruch, 2006"
"https://openalex.org/W2060498353","1999","Jeremy Waldron","Law and Disagreement","Waldron, 1999"
"https://openalex.org/W2061189098","1990","Samuel S. Freeman","Constitutional democracy and the legitimacy of judicial review","Freeman, 1990"
"https://openalex.org/W2061272009","1991","David Dolinko","Some Thoughts About Retributivism","Dolinko, 1991"
"https://openalex.org/W2061940329","1963","H. L. A. Hart","Law, Liberty, and Morality","Hart, 1963"
"https://openalex.org/W2062788414","1980","George P. Fletcher","Rethinking Criminal Law","Fletcher, 1980"
"https://openalex.org/W2063372819","2011","Douglas Husak","Negligence, Belief, Blame and Criminal Liability: The Special Case of Forgetting","Husak, 2011"
"https://openalex.org/W2063755273","2005","Kenneth W. Simons","Exploring the Intricacies of the Lesser Evils Defense","Simons, 2005"
"https://openalex.org/W2064068631","1989","Jeremy Waldron","Rights in Conflict","Waldron, 1989"
"https://openalex.org/W2064070332","2009","Victor Tadros","Poverty and Criminal Responsibility","Tadros, 2009"
"https://openalex.org/W2064238556","1992","Andrew von Hirsch","Proportionality in the Philosophy of Punishment","Hirsch, 1992"
"https://openalex.org/W2065800506","1992","Dennis Patterson","The value of a promise","Patterson, 1992"
"https://openalex.org/W2065946385","2010","Joseph Raz","On Respect, Authority, and Neutrality: A Response","Raz, 2010"
"https://openalex.org/W2066750905","1982","Ronald Dworkin","Law as Interpretation","Dworkin, 1982"
"https://openalex.org/W2067074281","2010","Stephen Darwall","Authority and Reasons: Exclusionary and Second‐Personal","Darwall, 2010"
"https://openalex.org/W2067393911","1998","Stephen D. Perry","Hart's Methodological Positivism","Perry, 1998"
"https://openalex.org/W2069476460","1994","W. B. Gallie","Essentially Contested Concepts","Gallie, 1994"
"https://openalex.org/W2070486087","1965","Joel Feinberg","The Expressive Function of Punishment","Feinberg, 1965"
"https://openalex.org/W2071578102","1981","Jeremy Waldron","A Right to Do Wrong","Waldron, 1981"
"https://openalex.org/W2072078569","1968","John Rawls","Distributive Justice: Some Addenda","Rawls, 1968"
"https://openalex.org/W2072229209","1999","Joseph Raz","Practical Reason and Norms","Raz, 1999"
"https://openalex.org/W2073421736","1982","Michael D. Bayles","Character, purpose, and criminal responsibility","Bayles, 1982"
"https://openalex.org/W2073540959","1989","Jeremy Waldron","The Rule of Law in Contemporary Liberal Theory","Waldron, 1989"
"https://openalex.org/W2073541500","2009","Jonathan Quong","Killing in Self‐Defense","Quong, 2009"
"https://openalex.org/W2074687777","1993","Uma Narayan","Appropriate Responses and Preventive Benefits: Justifying Censure and Hard Treatment in Legal Punishment.","Narayan, 1993"
"https://openalex.org/W2074839066","1990","Larry Alexander","Law and Exclusionary Reasons","Alexander, 1990"
"https://openalex.org/W2076149379","1981","Richard A. Posner","The Concept of Corrective Justice in Recent Theories of Tort Law","Posner, 1981"
"https://openalex.org/W2076269841","1998","David Estlund","The Insularity of the Reasonable: Why Political Liberalism Must Admit the Truth","Estlund, 1998"
"https://openalex.org/W2077850682","1980","Steven Shavell","An Analysis of Causation and the Scope of Liability in the Law of Torts","Shavell, 1980"
"https://openalex.org/W2078546388","2004","Dwight G. Newman","Collective Interests and Collective Rights","Newman, 2004"
"https://openalex.org/W2078644730","1998","Joseph Raz","Disagreement in Politics","Raz, 1998"
"https://openalex.org/W2079849494","2006","Andrew Ashworth","Four Threats to the Presumption of Innocence","Ashworth, 2006"
"https://openalex.org/W2080406782","1989","B. Sharon Byrd","Kant's theory of punishment: Deterrence in its threat, retribution in its execution","Byrd, 1989"
"https://openalex.org/W2080433285","1987","Germain Grisez","Practical Principles, Moral Truth, and Ultimate Ends","Grisez, 1987"
"https://openalex.org/W2081003234","1994","Jeremy Waldron","Why law ? Efficacy, freedom, or fidelity?","Waldron, 1994"
"https://openalex.org/W2081343895","2010","Gopal Sreenivasan","Duties and Their Direction","Sreenivasan, 2010"
"https://openalex.org/W2081983014","2004","Steven Greer","“BALANCING” AND THE EUROPEAN COURT OF HUMAN RIGHTS: A CONTRIBUTION TO THE HABERMAS-ALEXY DEBATE","Greer, 2004"
"https://openalex.org/W2082455105","1998","Joseph Raz","Two Views of the Nature of the Theory of Law: <i>A Partial Comparison</i>","Raz, 1998"
"https://openalex.org/W2082605766","2001","Michael Blake","Distributive Justice, State Coercion, and Autonomy","Blake, 2001"
"https://openalex.org/W2083201648","1982","David Lyons","The Authority of Law: Essays on Law and Morality.","Lyons, 1982"
"https://openalex.org/W2083223897","1986","Chaim Gans","Mandatory rules and exclusionary reasons","Gans, 1986"
"https://openalex.org/W2085537356","1997","Wilfrid J. Waluchow","Inclusive Legal Positivism.","Waluchow, 1997"
"https://openalex.org/W2086064262","2001","Paul E. Sigmund","Aquinas: Moral, Political, and Legal Theory","Sigmund, 2001"
"https://openalex.org/W2086581722","1997","Henry Shue","Ethics in the Public Domain: Essays in the Morality of Law and Politics.","Shue, 1997"
"https://openalex.org/W2086841517","1979","A. V. Dicey","Introduction to the Study of the Law of the Constitution","Dicey, 1979"
"https://openalex.org/W2086971778","1982","J. L. Mackie","Morality and the retributive emotions","Mackie, 1982"
"https://openalex.org/W2087913450","2005","Jeff McMahan","Self-Defense and Culpability","Mahan, 2005"
"https://openalex.org/W2087972849","1956","P. T. Geach","Good and Evil","Geach, 1956"
"https://openalex.org/W2088719245","1981","Prosenjit Bose","The Basic Principles of Natural Law: A Reply to Ralph McInerny","Bose, 1981"
"https://openalex.org/W2089446476","1983","William M. Landes","Causation in Tort Law: An Economic Approach","Landes, 1983"
"https://openalex.org/W2090349367","1985","Richard W. Wright","Actual Causation vs. Probabilistic Linkage: The Bane of Economic Analysis","Wright, 1985"
"https://openalex.org/W2090724354","1985","Larry Alexander","Pursuing the Good-Indirectly","Alexander, 1985"
"https://openalex.org/W2092575672","2010","Jules Holroyd","Punishment and Justice","Holroyd, 2010"
"https://openalex.org/W2092658469","1990","Margaret Gilbert","Walking Together","Gilbert, 1990"
"https://openalex.org/W2093052290","2006","T. R. S. Allan","HUMAN RIGHTS AND JUDICIAL REVIEW: A CRITIQUE OF “DUE DEFERENCE”","Allan, 2006"
"https://openalex.org/W2094015814","2004","Lars Lindahl","Deduction and Justification in the Law. The Role of Legal Terms and Concepts","Lindahl, 2004"
"https://openalex.org/W2094073190","2000","Robert Alexy","On the Structure of Legal Principles","Alexy, 2000"
"https://openalex.org/W2094143258","1998","John Gardner","The Gist of Excuses","Gardner, 1998"
"https://openalex.org/W2094397223","2005","Larry Alexander","Lesser Evils: A Closer Look at the Paradigmatic Justification","Alexander, 2005"
"https://openalex.org/W2094636508","1996","Robert Alexy","Discourse Theory and Human Rights*","Alexy, 1996"
"https://openalex.org/W2095259447","1982","Richard J. Arneson","The Principle of Fairness and Free-Rider Problems","Arneson, 1982"
"https://openalex.org/W2096945010","2004","Joshua D. Greene","For the law, neuroscience changes nothing and everything","Greene, 2004"
"https://openalex.org/W2099136196","2006","Victor Tadros","Rethinking the presumption of innocence","Tadros, 2006"
"https://openalex.org/W2100444068","2010","Robert Alexy","The Dual Nature of Law","Alexy, 2010"
"https://openalex.org/W2101637700","1989","Igor Primoratz","Punishment as Language","Primoratz, 1989"
"https://openalex.org/W2102730207","2007","Jules L. Coleman","Beyond the Separability Thesis: Moral Semantics and the Methodology of Jurisprudence","Coleman, 2007"
"https://openalex.org/W2103086931","2008","Helga Varden","Kant's Non-Voluntarist Conception of Political Obligations: Why Justice is Impossible in the State of Nature","Varden, 2008"
"https://openalex.org/W2104421108","1942","Hans Kelsen","Judicial Review of Legislation: A Comparative Study of the Austrian and the American Constitution","Kelsen, 1942"
"https://openalex.org/W2106326665","1995","Thomas Nagel","Personal Rights and Public Space","Nagel, 1995"
"https://openalex.org/W2109407406","1996","Heidi M. Hurd","The Moral Magic of Consent","Hurd, 1996"
"https://openalex.org/W2110037293","1987","Eugenio Bulygin","Introducción a la metodología de las ciencias jurídicas y sociales","Bulygin, 1987"
"https://openalex.org/W2110474404","1990","Michael S. Moore","Choice, Character, and Excuse","Moore, 1990"
"https://openalex.org/W2112593361","2011","Martha C. Nussbaum","Perfectionist Liberalism and Political Liberalism","Nussbaum, 2011"
"https://openalex.org/W2116057227","2007","Lord Bingham","THE RULE OF LAW","Bingham, 2007"
"https://openalex.org/W2116356939","2005","Manuel Vargas","The Trouble with Tracing","Vargas, 2005"
"https://openalex.org/W2116645954","2008","Arash Abizadeh","Democratic Theory and Border Coercion","Abizadeh, 2008"
"https://openalex.org/W2117090172","2003","Robert Alexy","On Balancing and Subsumption. A Structural Comparison","Alexy, 2003"
"https://openalex.org/W2119540646","2008","Christopher McCrudden","Human Dignity and Judicial Interpretation of Human Rights","Crudden, 2008"
"https://openalex.org/W2119686943","2007","Nathan Hanna","Say What? A Critique of Expressive Retributivism","Hanna, 2007"
"https://openalex.org/W2119912892","1958","Stanley I. Benn","An Approach To The Problems Of Punishment","Benn, 1958"
"https://openalex.org/W2120225427","2011","Michael Moore","Punishing the Awkward, the Stupid, the Weak, and the Selfish: The Culpability of Negligence","Moore, 2011"
"https://openalex.org/W2120413618","2001","Michael S. Moore","LAW AS JUSTICE","Moore, 2001"
"https://openalex.org/W2122055745","1947","Milton R. Konvitz","General Theory of Law and State.","Konvitz, 1947"
"https://openalex.org/W2122165510","1978","Jules L. Coleman","Taking Rights Seriously","Coleman, 1978"
"https://openalex.org/W2122473296","2006","John Gardner","Complicity and causality","Gardner, 2006"
"https://openalex.org/W2123950939","2008","Richard Dagger","Punishment as Fair Play","Dagger, 2008"
"https://openalex.org/W2126737162","2006","Nicholas W. Barber","Legal Pluralism and the European Union","Barber, 2006"
"https://openalex.org/W2127233441","2003","Prosenjit Bose","Law and What I Truly Should Decide","Bose, 2003"
"https://openalex.org/W2129016947","1960","Eugene V. Rostow","The Enforcement of Morals","Rostow, 1960"
"https://openalex.org/W2129177500","2006","John Tasioulas","Punishment and Repentance","Tasioulas, 2006"
"https://openalex.org/W2131067302","2007","Julie Dickson","Is the Rule of Recognition Really a Conventional Rule?","Dickson, 2007"
"https://openalex.org/W2131993200","2008","Ludvig Beckman","Democratic Inclusion, Law, and Causes","Beckman, 2008"
"https://openalex.org/W2132760821","1982","Glanville Williams","Offences and defences","Williams, 1982"
"https://openalex.org/W2134200725","2009","Stavros Tsakyrakis","Proportionality: An assault on human rights?","Tsakyrakis, 2009"
"https://openalex.org/W2136970245","2002","Scott Shapiro","LAW, PLANS, AND PRACTICAL REASON","Shapiro, 2002"
"https://openalex.org/W2136979587","2002","David Held","LAW OF STATES, LAW OF PEOPLES: Three Models of Sovereignty","Held, 2002"
"https://openalex.org/W2137074370","2005","Richard J. Arneson","JOEL FEINBERG AND THE JUSTIFICATION OF HARD PATERNALISM","Arneson, 2005"
"https://openalex.org/W2138878586","2008","Michael McKenna","A Hard-line Reply to Perebooms Four-Case Manipulation Argument<sup>1</sup>","Kenna, 2008"
"https://openalex.org/W2138889939","2003","Robert Alexy","Constitutional Rights, Balancing, and Rationality","Alexy, 2003"
"https://openalex.org/W2139276293","2013","Ronald Dworkin","A New Philosophy for International Law","Dworkin, 2013"
"https://openalex.org/W2140125709","1996","Christopher Heath Wellman","Liberalism, Samaritanism, and Political Legitimacy","Wellman, 1996"
"https://openalex.org/W2140221247","1996","Pierre Legrand","European Legal Systems are not Converging","Legrand, 1996"
"https://openalex.org/W2142352953","2003","Mark Murphy","NATURAL LAW JURISPRUDENCE","Murphy, 2003"
"https://openalex.org/W2142954222","2005","Grant Lamond","DO PRECEDENTS CREATE RULES?","Lamond, 2005"
"https://openalex.org/W2143509960","1996","H. M. Malm","The Ontological Status of Consent and its Implications for the Law on Rape","Malm, 1996"
"https://openalex.org/W2143661992","2004","Darren Domsky","There Is No Door","Domsky, 2004"
"https://openalex.org/W2143936337","1994","Michael Otsuka","Killing the Innocent in Self-Defense","Otsuka, 1994"
"https://openalex.org/W2146324225","1997","Dick W.P. Ruiter","A Basic Classification of Legal Institutions","Ruiter, 1997"
"https://openalex.org/W2148041267","2002","Richard Vernon","What is Crime against Humanity?","Vernon, 2002"
"https://openalex.org/W2148456701","2008","James Thomson","Turning the Trolley","Thomson, 2008"
"https://openalex.org/W2148721472","2008","Seana Valentine Shiffrin","Promising, Intimate Relationships, and Conventionalism","Shiffrin, 2008"
"https://openalex.org/W2151540362","2004","John Gardner","The Legality of Law","Gardner, 2004"
"https://openalex.org/W2152710718","2012","Jonathan L. Schaffer","DISCONNECTION AND RESPONSIBILITY","Schaffer, 2012"
"https://openalex.org/W2152723158","1984","Meir Dan-Cohen","Decision Rules and Conduct Rules: On Acoustic Separation in Criminal Law","Cohen, 1984"
"https://openalex.org/W2155227601","2007","Kai Möller","Balancing and the structure of constitutional rights","NA, 2007"
"https://openalex.org/W2157218228","2005","Matthew H. Kramer","Theories of Rights: Is There a Third Way?","Kramer, 2005"
"https://openalex.org/W2158052114","2005","Russ Shafer-Landau","LIBERALISM AND PATERNALISM","Landau, 2005"
"https://openalex.org/W2158899378","2006","Gustav Radbruch","Five Minutes of Legal Philosophy (1945)","Radbruch, 2006"
"https://openalex.org/W2159932289","2001","Grant Lamond","COERCION AND THE NATURE OF LAW","Lamond, 2001"
"https://openalex.org/W2160361145","2004","John F. Horty","THE RESULT MODEL OF PRECEDENT","Horty, 2004"
"https://openalex.org/W2165829448","2005","Jeff McMahan","The Basis of Moral Liability to Defensive Killing","Mahan, 2005"
"https://openalex.org/W2166115596","1994","Neil MacCormick","Legal Reasoning and Legal Theory","Cormick, 1994"
"https://openalex.org/W2166390884","2012","Joanna Mary Firth","Necessity, Moral Liability, and Defensive Harm","Firth, 2012"
"https://openalex.org/W2167665920","2006","A J Rivers","PROPORTIONALITY AND VARIABLE INTENSITY OF REVIEW","Rivers, 2006"
"https://openalex.org/W2170244904","2011","John F. Horty","RULES AND REASONS IN THE THEORY OF PRECEDENT","Horty, 2011"
"https://openalex.org/W2174305652","1993","Jules L. Coleman","Determinacy, Objectivity, and Authority","Coleman, 1993"
"https://openalex.org/W2210378618","2001","John Gardner","Legal Positivism: 51/2 Myths","Gardner, 2001"
"https://openalex.org/W2221625539","2011","Kevin Toh","Legal Judgments as Plural Acceptances of Norms","Toh, 2011"
"https://openalex.org/W2224287703","2016","Michael J. McKenna","Manipulation Arguments, Basic Desert, and Moral Responsibility: Assessing Derk Pereboom’s Free Will, Agency, and Meaning in Life","Kenna, 2016"
"https://openalex.org/W222564579","2017","Peter W. Hogg","The Charter Dialogue Between Courts and Legislatures©","Hogg, 2017"
"https://openalex.org/W2226373706","1996","Leslie Green","The Concept of Law Revisited","Green, 1996"
"https://openalex.org/W224059125","2005","Markus D. Dubber","The Police Power","Dubber, 2005"
"https://openalex.org/W2272983765","2009","Joseph Raz","Between Authority and Interpretation","Raz, 2009"
"https://openalex.org/W2306435137","1999","Leslie Green","Positivism and Conventionalism","Green, 1999"
"https://openalex.org/W2311923057","1971","John Austin","A plea for excuses","Austin, 1971"
"https://openalex.org/W2313248468","1980","Donald H. Regan","Utilitarianism and Co-operation","Regan, 1980"
"https://openalex.org/W2314904110","1969","R. David Broiles","The Morality of Law.","Broiles, 1969"
"https://openalex.org/W2317886590","1985","Daniel M. Farrell","The Justification of General Deterrence","Farrell, 1985"
"https://openalex.org/W2320881999","1968","A. D. Woozley","The Pure Theory of Law.","Woozley, 1968"
"https://openalex.org/W2321903117","1951","John Rawls","Outline of a Decision Procedure for Ethics","Rawls, 1951"
"https://openalex.org/W2324706981","1981","Alan Gewirth","Are There Any Absolute Rights?","Gewirth, 1981"
"https://openalex.org/W2325114484","1979","John Cottingham","Varieties of Retribution","Cottingham, 1979"
"https://openalex.org/W2326201171","1987","Jeremy Waldron","Theoretical Foundations of Liberalism","Waldron, 1987"
"https://openalex.org/W2326580376","1955","H. L. A. Hart","Are There Any Natural Rights?","Hart, 1955"
"https://openalex.org/W2328389233","1992","Douglas Husak","Why Punish the Deserving?","Husak, 1992"
"https://openalex.org/W2330528382","1983","Gregory S. Kavka","The toxin puzzle","Kavka, 1983"
"https://openalex.org/W2331633396","1990","Saul Smilansky","Utilitarianism and the 'punishment' of the innocent: the general problem","Smilansky, 1990"
"https://openalex.org/W2333427991","1998","Robert Alexy","Law and Correctness","Alexy, 1998"
"https://openalex.org/W2333564218","1955","John Rawls","Two Concepts of Rules","Rawls, 1955"
"https://openalex.org/W2334621027","1960","H. L. A. Hart","The Presidential Address: I—Prolegomenon to the Principles of Punishment","Hart, 1960"
"https://openalex.org/W2335440893","2010","Mattias Kumm","The Idea of Socratic Contestation and the Right to Justification: The Point of Rights-Based Proportionality Review","Kumm, 2010"
"https://openalex.org/W2342553802","1957","Jesse Austin","I.—A Plea for Excuses: The Presidential Address","Austin, 1957"
"https://openalex.org/W2343217140","2016","Bill Wringe","An Expressive Theory of Punishment","Wringe, 2016"
"https://openalex.org/W2345486291","2016","Saul Smilansky","Pereboom on Punishment: Funishment, Innocence, Motivation, and Other Difficulties","Smilansky, 2016"
"https://openalex.org/W2352829877","2004","Jeff McMahan","The Ethics of Killing in War","Mahan, 2004"
"https://openalex.org/W2399925489","2015","David Shoemaker","Responsibility from the Margins","Shoemaker, 2015"
"https://openalex.org/W2404560997","2016","Victor Tadros","Doing Without Desert","Tadros, 2016"
"https://openalex.org/W2478327607","2001","Jeremy Waldron","Normative (or Ethical) Positivism","Waldron, 2001"
"https://openalex.org/W2479792795","1995","Eerik Lagerspetz","The Opposite Mirrors","Lagerspetz, 1995"
"https://openalex.org/W2480782842","1982","H. L. A. Hart","Essays on BenthamJurisprudence and Political Philosophy","Hart, 1982"
"https://openalex.org/W2481681925","1975","T. M. Scanlon","Preference and Urgency","Scanlon, 1975"
"https://openalex.org/W2481949471","1959","Herbert Wechsler","Toward Neutral Principles of Constitutional Law","Wechsler, 1959"
"https://openalex.org/W2482647176","1992","Miriam Gur-Arye","Should a Criminal Code Distinguish Between Justification and Excuse?","Arye, 1992"
"https://openalex.org/W2483354270","1977","Lars Lindahl","Position and Change","Lindahl, 1977"
"https://openalex.org/W2483508289","2008","H. L. Ho","A Philosophy of Evidence Law","Ho, 2008"
"https://openalex.org/W2485474302","2010","Keith Culver","Legality's Borders","Culver, 2010"
"https://openalex.org/W2486437090","1973","H. L. A. Hart","Rawls on Liberty and Its Priority","Hart, 1973"
"https://openalex.org/W2486575464","1977","Herbert Fingarette","Punishment and Suffering","Fingarette, 1977"
"https://openalex.org/W2489309746","2002","Liam Murphy","The Myth of Ownership","Murphy, 2002"
"https://openalex.org/W2494532817","1988","David O. Brink","Legal Theory, Legal Interpretation, and Judicial Review","Brink, 1988"
"https://openalex.org/W2494846613","2001","Michael Pratt","Scanlon on Promising","Pratt, 2001"
"https://openalex.org/W2494906225","2016","Dale A. Nance","The Burdens of Proof","Nance, 2016"
"https://openalex.org/W2495620656","2017","Joseph Raz","The Rule of Law and its Virtue*","Raz, 2017"
"https://openalex.org/W2495969500","2007","Neil MacCormick","Institutions of Law","Cormick, 2007"
"https://openalex.org/W2496515953","1981","Michael Boudin","Democracy and Distrust: A Theory of Judicial Review","Boudin, 1981"
"https://openalex.org/W2499586832","1981","Mark Kelman","Interpretive Construction in the Substantive Criminal Law","Kelman, 1981"
"https://openalex.org/W250494237","1937","Jørgen Jørgensen","Imperatives and logic","NA, 1937"
"https://openalex.org/W2505082533","1996","Immanuel Kant","Immanuel Kant: Practical philosophy","Kant, 1996"
"https://openalex.org/W2506502828","1983","H. L. A. Hart","Definition and Theory in Jurisprudence","Hart, 1983"
"https://openalex.org/W2556643168","1949","H. L. A. Hart","XI.—The Ascription of Responsibility and Rights","Hart, 1949"
"https://openalex.org/W2583201607","1988","Cass R. Sunstein","Beyond the Republican Revival","Sunstein, 1988"
"https://openalex.org/W2583925548","2017","Derk Pereboom","A Defense of Free Will Skepticism: Replies to Commentaries by Victor Tadros, Saul Smilansky, Michael McKenna, and Alfred R. Mele on Free Will, Agency, and Meaning in Life","Pereboom, 2017"
"https://openalex.org/W2589125386","2016","Victor Tadros","Wrongs and Crimes","Tadros, 2016"
"https://openalex.org/W2600325764","2009","Larry Alexander","Crime and Culpability","Alexander, 2009"
"https://openalex.org/W2602326674","2017","Alexander Brown","What is hate speech? Part 1: The Myth of Hate","Brown, 2017"
"https://openalex.org/W2606754711","2017","Alexander Brown","What is Hate Speech? Part 2: Family Resemblances","Brown, 2017"
"https://openalex.org/W2606827339","2017","Duncan Pritchard","Legal risk, legal evidence and the arithmetic of criminal justice","Pritchard, 2017"
"https://openalex.org/W2609779437","2007","Scott J. Shapiro","The “Hart–Dworkin” Debate: A Short Guide for the Perplexed","Shapiro, 2007"
"https://openalex.org/W2734673746","2008","Jeremy Waldron","The Concept and the Rule of Law","Waldron, 2008"
"https://openalex.org/W2762733821","1992","Heidi M. Hurd","Justifiably Punishing the Justified","Hurd, 1992"
"https://openalex.org/W2773252140","1998","David Dyzenhaus","Law as Justification: Etienne Mureinik's Conception of Legal Culture","Dyzenhaus, 1998"
"https://openalex.org/W2773639084","1930","Arthur L. Goodhart","Determining the Ratio Decidendi of a Case","Goodhart, 1930"
"https://openalex.org/W2781197005","2006","Ronald Dworkin","Is Democracy Possible Here?","Dworkin, 2006"
"https://openalex.org/W2794477696","1948","Hans Kelsen","Law, State and Justice in the Pure Theory of Law","Kelsen, 1948"
"https://openalex.org/W2795539502","1923","A. M. Kidd","Fundamental Legal Conceptions","Kidd, 1923"
"https://openalex.org/W2795587260","1958","Lon L. Fuller","Positivism and Fidelity to Law: A Reply to Professor Hart","Fuller, 1958"
"https://openalex.org/W2795655825","1977","E. Philip Soper","Legal Theory and the Obligation of a Judge: The Hart/Dworkin Dispute","Soper, 1977"
"https://openalex.org/W2795724202","1983","Robert M. Cover","The Supreme Court, 1982 Term","Cover, 1983"
"https://openalex.org/W2795733956","1988","Ernest J. Weinrib","Legal Formalism: On the Immanent Rationality of Law","Weinrib, 1988"
"https://openalex.org/W2795796782","1984","Kent Greenawalt","The Perplexing Borders of Justification and Excuse","Greenawalt, 1984"
"https://openalex.org/W2795915211","1972","Joseph Raz","Legal Principles and the Limits of Law","Raz, 1972"
"https://openalex.org/W2796028726","1920","Joseph Henry Beale","The Proximate Consequences of an Act","Beale, 1920"
"https://openalex.org/W2796173346","1987","T. Alexander Aleinikoff","Constitutional Law in the Age of Balancing","Aleinikoff, 1987"
"https://openalex.org/W2796415624","1981","Rolf Sartorius","Political Authority and Political Obligation","Sartorius, 1981"
"https://openalex.org/W2796431936","1989","Michael S. Moore","The Interpretive Turn in Modern Theory: A Turn for the Worse?","Moore, 1989"
"https://openalex.org/W2796528567","1980","John Rawls","Kantian Constructivism in Moral Theory","Rawls, 1980"
"https://openalex.org/W2796554849","1988","Frank I. Michelman","Law's Republic","Michelman, 1988"
"https://openalex.org/W2796683039","1992","Michael S. Moore","Moral Reality Revisited","Moore, 1992"
"https://openalex.org/W2796927986","1989","Richard Craswell","Contract Law, Default Rules, and the Philosophy of Promising","Craswell, 1989"
"https://openalex.org/W2797131397","1973","Martha Smith","Is There a Prima Facie Obligation to Obey the Law?","Smith, 1973"
"https://openalex.org/W2797203174","1956","Wex S. Malone","Ruminations on Cause-in-Fact","Malone, 1956"
"https://openalex.org/W2797213284","1978","Lon L. Fuller","The Forms and Limits of Adjudication","Fuller, 1978"
"https://openalex.org/W2797339575","1935","Fred Cohen","Transcendental Nonsense and the Functional Approach","Cohen, 1935"
"https://openalex.org/W2797344853","1997","Richard H. Fallon join(","""The Rule of Law"" as a Concept in Constitutional Discourse","NA, 1997"
"https://openalex.org/W2797387575","1972","George P. Fletcher","Fairness and Utility in Tort Theory","Fletcher, 1972"
"https://openalex.org/W2797629819","1982","Joseph Raz","Promises in Morality and Law","Raz, 1982"
"https://openalex.org/W2797784986","1985","James Thomson","The Trolley Problem","Thomson, 1985"
"https://openalex.org/W2797818557","1956","Glanville Williams","The Concept of Legal Liberty","Williams, 1956"
"https://openalex.org/W2797910919","1988","Joseph William Singer","The Reliance Interest in Property","Singer, 1988"
"https://openalex.org/W2798002542","1974","John Rawls","The Independence of Moral Theory","Rawls, 1974"
"https://openalex.org/W2798106685","1989","Antonin Scalia","The Rule of Law as a Law of Rules","Scalia, 1989"
"https://openalex.org/W2800616481","1973","George P. Fletcher","Proportionality and the Psychotic Aggressor: A Vignette in Comparative Criminal Theory","Fletcher, 1973"
"https://openalex.org/W2800660311","1986","Lewis A. Kornhauser","Unpacking the Court","Kornhauser, 1986"
"https://openalex.org/W2801922534","1966","Hans Kelsen","On The Pure Theory of Law","Kelsen, 1966"
"https://openalex.org/W2802748901","1986","James Thomson","Liability and Individualized Evidence","Thomson, 1986"
"https://openalex.org/W2888970791","2017","Cécile Laborde","Liberalism’s Religion","Laborde, 2017"
"https://openalex.org/W2889796974","1984","Joseph William Singer","The Player and the Cards: Nihilism and Legal Theory","Singer, 1984"
"https://openalex.org/W2899341281","2003","T. M. Scanlon","The Difficulty of Tolerance","Scanlon, 2003"
"https://openalex.org/W2912023684","2019","Katharine Gelber","Differentiating hate speech: a systemic discrimination approach","Gelber, 2019"
"https://openalex.org/W2945922253","2019","J. Woodford Howard","Free Speech and Hate Speech","Howard, 2019"
"https://openalex.org/W2978527163","1982","Margaret Jane Radin","Property and Personhood","Radin, 1982"
"https://openalex.org/W2989863638","1958","H. L. A. Hart","Positivism and the Separation of Law and Morals","Hart, 1958"
"https://openalex.org/W3023063752","1972","Guido Calabresi","Property Rules, Liability Rules, and Inalienability: One View of the Cathedral","Calabresi, 1972"
"https://openalex.org/W3023778025","2020","Kenneth Einar Himma","Coercion and the Nature of Law","Himma, 2020"
"https://openalex.org/W3081207992","2017","Alexander M. Bickel","The Least Dangerous Branch","Bickel, 2017"
"https://openalex.org/W3121169026","2010","Mehrdad Payandeh","The Concept of International Law in the Jurisprudence of H.L.A. Hart","Payandeh, 2010"
"https://openalex.org/W3121512706","2007","Michael Pratt","Promises, Contracts and Voluntary Obligations","Pratt, 2007"
"https://openalex.org/W3121531415","2008","Mitchell N. Berman","Punishment and Justification","Berman, 2008"
"https://openalex.org/W3121839468","1996","A. John Simmons","Associative Political Obligations","Simmons, 1996"
"https://openalex.org/W3121890212","2007","Michael S. Pardo","Juridical Proof and the Best Explanation","Pardo, 2007"
"https://openalex.org/W3121930290","2005","Colleen Murphy","Lon Fuller and the Moral Value of the Rule of Law","Murphy, 2005"
"https://openalex.org/W3121990328","2008","Mike Redmayne","EXPLORING THE PROOF PARADOXES","Redmayne, 2008"
"https://openalex.org/W3122031927","2010","Moshe Cohen-Eliya","American balancing and German proportionality: The historical origins","Eliya, 2010"
"https://openalex.org/W3122136899","2004","Joseph Raz","INCORPORATION BY LAW","Raz, 2004"
"https://openalex.org/W3122247257","2001","Stephen Gardbaum","The New Commonwealth Model of Constitutionalism","Gardbaum, 2001"
"https://openalex.org/W3122357978","2018","Michael S. Pardo","SAFETY VS. SENSITIVITY: POSSIBLE WORLDS AND THE LAW OF EVIDENCE","Pardo, 2018"
"https://openalex.org/W3122365267","2011","Brian Leiter","The Demarcation Problem in Jurisprudence: A New Case for Scepticism","Leiter, 2011"
"https://openalex.org/W3122410589","2005","John F. Trout","Paternalism and Cognitive Bias","Trout, 2005"
"https://openalex.org/W3122417052","2010","Grégoire Webber","Proportionality, Balancing, and the Cult of Constitutional Rights Scholarship","Webber, 2010"
"https://openalex.org/W3122468307","2014","Larry Alexander","The Ontology of Consent","Alexander, 2014"
"https://openalex.org/W3122589931","2004","Mark T. Greenberg","HOW FACTS MAKE LAW","Greenberg, 2004"
"https://openalex.org/W3122624017","2004","Arthur Ripstein","Authority and Coercion","Ripstein, 2004"
"https://openalex.org/W3122631380","2000","Elizabeth Anderson","Expressive Theories of Law: A General Restatement","Anderson, 2000"
"https://openalex.org/W3122854567","2006","Arthur Ripstein","Beyond the Harm Principle","Ripstein, 2006"
"https://openalex.org/W3122931570","2008","John Oberdiek","Towards a Right Against Risking","Oberdiek, 2008"
"https://openalex.org/W3122943504","1982","Paul H. Robinson","Criminal Law Defenses: A Systematic Analysis","Robinson, 1982"
"https://openalex.org/W3122980423","2009","Joseph Raz","The Problem of Authority: Revisiting the Service Conception","Raz, 2009"
"https://openalex.org/W3122983803","2005","Mattias Kumm","The Jurisprudence of Constitutional Conflict: Constitutional Supremacy in Europe before and after the Constitutional Treaty","Kumm, 2005"
"https://openalex.org/W3123212178","1986","Ronald Dworkin","Law's Empire","Dworkin, 1986"
"https://openalex.org/W3123542286","2006","David Enoch","The Case Against Moral Luck","Enoch, 2006"
"https://openalex.org/W3123575465","2008","Malcolm Thorburn","Justifications, Powers, and Authority","Thorburn, 2008"
"https://openalex.org/W3123578711","2003","Gunther Teubner","Legal Irritants: Good Faith in British Law or How Unifying Law Ends Up in New Divergencies","Teubner, 2003"
"https://openalex.org/W3123600108","2005","Kevin Toh","HART'S EXPRESSIVISM AND HIS BENTHAMITE PROJECT","Toh, 2005"
"https://openalex.org/W3123624702","2005","Kimberly Kessler Ferzan","Justifying Self-Defense","Ferzan, 2005"
"https://openalex.org/W3124236532","2016","Gregg D. Caruso","Free Will Skepticism and Criminal Behavior","Caruso, 2016"
"https://openalex.org/W3124392593","2005","Simon Roberts","After Government? On Representing Law Without the State","Roberts, 2005"
"https://openalex.org/W3124411835","2001","Ronald J. Allen","Naturalized Epistemology and the Law of Evidence","Allen, 2001"
"https://openalex.org/W3124454284","1997","Alexander Volokh","n Guilty Men","Volokh, 1997"
"https://openalex.org/W3124573500","2002","Neil Walker","The Idea of Constitutional Pluralism","Walker, 2002"
"https://openalex.org/W3124588059","2007","Alexander A. Guerrero","Don’t Know, Don’t Kill: Moral Ignorance, Culpability, and Caution","Guerrero, 2007"
"https://openalex.org/W3124856616","2001","Markus D. Dubber","Policing Possession: The War on Crime and the End of Criminal Law","Dubber, 2001"
"https://openalex.org/W3124949875","2006","Andrei Marmor","Legal Positivism: Still Descriptive and Morally Neutral","Marmor, 2006"
"https://openalex.org/W3125305558","2000","Seana Valentine Shiffrin","Paternalism, Unconscionability Doctrine, and Accommodation","Shiffrin, 2000"
"https://openalex.org/W3125380225","2003","Brian Leiter","Beyond the Hart/Dworkin Debate: The Methodology Problem in Jurisprudence","Leiter, 2003"
"https://openalex.org/W3125598080","2005","Frederick Schauer","The Social Construction of the Concept of Law: A Reply to Julie Dickson","Schauer, 2005"
"https://openalex.org/W3125637819","1987","Lawrence B. Solum","On the Indeterminacy Crisis: Critiquing Critical Dogma","Solum, 1987"
"https://openalex.org/W3125759286","2002","Stephen J. Morse","Uncontrollable Urges and Irrational People","Morse, 2002"
"https://openalex.org/W3125830443","2001","William J. Stuntz","The Pathological Politics of Criminal Law","Stuntz, 2001"
"https://openalex.org/W3125839842","1999","A. John Simmons","Justification and Legitimacy","Simmons, 1999"
"https://openalex.org/W3145343791","2009","Benedict Kingsbury","The Concept of 'Law' in Global Administrative Law","Kingsbury, 2009"
"https://openalex.org/W3155306005","2007","Mark A. Drumbl","Atrocity, Punishment, and International Law","Drumbl, 2007"
"https://openalex.org/W3160849725","2008","Christopher Bennett","The Apology Ritual","Bennett, 2008"
"https://openalex.org/W3188813614","2007","Christopher Kutz","Causeless complicity","Kutz, 2007"
"https://openalex.org/W3197242048","2004","Julie Dickson","METHODOLOGY IN JURISPRUDENCE: A Critical Survey","Dickson, 2004"
"https://openalex.org/W3216089140","2006","Mark C. Murphy","Natural Law in Jurisprudence and Politics","Murphy, 2006"
"https://openalex.org/W374469591","2001","Andrei Marmor","Positive Law and Objective Values","Marmor, 2001"
"https://openalex.org/W37731837","1999","Charles Larmore","The Moral Basis of Political Liberalism","Larmore, 1999"
"https://openalex.org/W4205319615","1999","Philip Pettit","Republicanism","Pettit, 1999"
"https://openalex.org/W4205375815","2005","Alex Stein","Foundations of Evidence Law","Stein, 2005"
"https://openalex.org/W4205462847","2009","Arthur Ripstein","Force and Freedom","Ripstein, 2009"
"https://openalex.org/W4205848940","2002","Anna Elisabetta Galeotti","Toleration as Recognition","Galeotti, 2002"
"https://openalex.org/W4206399531","2010","Nico Krisch","Beyond Constitutionalism","Krisch, 2010"
"https://openalex.org/W4210969292","2002","Jeremy Waldron","God, Locke, and Equality","Waldron, 2002"
"https://openalex.org/W4211159393","2004","Jon Elster","Closing the Books","Elster, 2004"
"https://openalex.org/W4212786638","2008","Thomas Christiano","The Constitution of Equality","Christiano, 2008"
"https://openalex.org/W4212818722","2002","David A. Ross","The Right and the Good","Ross, 2002"
"https://openalex.org/W4212930981","2007","Christopher L. Eisgruber","Religious Freedom and the Constitution","Eisgruber, 2007"
"https://openalex.org/W4230145277","1987","George Sher","Desert","Sher, 1987"
"https://openalex.org/W4230281441","2012","Jeremy Waldron","The Harm in Hate Speech","Waldron, 2012"
"https://openalex.org/W4230723318","2005","George Klosko","Political Obligations","Klosko, 2005"
"https://openalex.org/W4230729752","1999","Neil MacCormick","Questioning Sovereignty","Cormick, 1999"
"https://openalex.org/W4231092269","1980","Joel Feinberg","Rights, Justice, and the Bounds of Liberty","Feinberg, 1980"
"https://openalex.org/W4231383638","1989","Aleksander Peczenik","On Law and Reason","Peczenik, 1989"
"https://openalex.org/W4231732579","1986","Kent Greenawalt","Distinguishing Justifications from Excuses","Greenawalt, 1986"
"https://openalex.org/W4232037086","1997","John Rawls","The Idea of Public Reason Revisited","Rawls, 1997"
"https://openalex.org/W4232486214","2012","Kimberley Brownlee","Conscience and Conviction","Brownlee, 2012"
"https://openalex.org/W4232741853","1936","L. L. Fuller","The Reliance Interest in Contract Damages: 1","Fuller, 1936"
"https://openalex.org/W4232984104","1985","Richard W. Wright","Causation in Tort Law","Wright, 1985"
"https://openalex.org/W4233237171","2012","HLA Hart","The Concept of Law","Hart, 2012"
"https://openalex.org/W4233400003","2014","Andrew Ashworth","Preventive Justice","Ashworth, 2014"
"https://openalex.org/W4233546382","1994","Suzanne Uniacke","Permissible Killing","Uniacke, 1994"
"https://openalex.org/W4233886633","2008","Michael J. Zimmerman","Living with Uncertainty","Zimmerman, 2008"
"https://openalex.org/W4234673375","2005","Christopher Heath Wellman","Is There a Duty to Obey the Law?","Wellman, 2005"
"https://openalex.org/W4235023594","1897",NA,"The Path of the Law","NA, 1897"
"https://openalex.org/W4235314030","2015","Alexander Brown","Hate Speech Law","Brown, 2015"
"https://openalex.org/W4235738654","1994","Jeremy Waldron","Vagueness in Law and Language: Some Philosophical Issues","Waldron, 1994"
"https://openalex.org/W4236123093","2015","Adam Slavny","HARMLESS DISCRIMINATION","Slavny, 2015"
"https://openalex.org/W4236324580","1975","Ronald Dworkin","Hard Cases","Dworkin, 1975"
"https://openalex.org/W4237015412","1985","Wojciech Sadurski","Giving Desert Its Due","Sadurski, 1985"
"https://openalex.org/W4237034108","1985","H. L. A. Hart","Causation in the Law","Hart, 1985"
"https://openalex.org/W4237574036","1979","Joseph Raz","The authority of lawEssays on law and morality","Raz, 1979"
"https://openalex.org/W423791822","1983","Roberto Mangabeira Unger","The Critical Legal Studies Movement","Unger, 1983"
"https://openalex.org/W4237918656","2008","T. M. Scanlon","Moral Dimensions","Scanlon, 2008"
"https://openalex.org/W4237939084","1988","Jeffrie G. Murphy","Forgiveness and Mercy","Murphy, 1988"
"https://openalex.org/W4238122577","1931","Karl N. Llewellyn","Some Realism about Realism: Responding to Dean Pound","Llewellyn, 1931"
"https://openalex.org/W4239043303","2006","Alfred R. Mele","Free Will and Luck","Mele, 2006"
"https://openalex.org/W4239664074","1971","Carlos E. Alchourrón","Normative Systems","NA, 1971"
"https://openalex.org/W4240161594","2011","Neil Levy","Hard Luck","Levy, 2011"
"https://openalex.org/W4240540997","1997","Immanuel Kant","Lectures on Ethics","Kant, 1997"
"https://openalex.org/W4240732435","1967","Ronald Dworkin","The Model of Rules","Dworkin, 1967"
"https://openalex.org/W4241148440","2013","Manuel Vargas","Building Better Beings","Vargas, 2013"
"https://openalex.org/W4241748390","2000","Christopher Kutz","Complicity","Kutz, 2000"
"https://openalex.org/W4241981878","2002","David Rodin","War and Self-Defense","Rodin, 2002"
"https://openalex.org/W4242091048","2009","Michael S. Moore","Causation and Responsibility","Moore, 2009"
"https://openalex.org/W4242253440","2016","Kenneth M. Ehrenberg","The Functions of Law","Ehrenberg, 2016"
"https://openalex.org/W4242431379","1986","RONALD DWORKIN","A Matter of Principle","NA, 1986"
"https://openalex.org/W4242437658","1980","Joseph Raz","The Concept of a Legal System","Raz, 1980"
"https://openalex.org/W4242728701","2008","James Griffin","On Human Rights","Griffin, 2008"
"https://openalex.org/W4243028012","2000","Jon Elster","Ulysses Unbound","Elster, 2000"
"https://openalex.org/W4244512580","1985","Sanford H. Kadish","Complicity, Cause and Blame: A Study in the Interpretation of Doctrine","Kadish, 1985"
"https://openalex.org/W4244688936","2012","John Gardner","Law as a Leap of Faith","Gardner, 2012"
"https://openalex.org/W4245950606","1993","Frederick Schauer","Playing by the Rules","Schauer, 1993"
"https://openalex.org/W4246185708","2009","Anna Stilz","Liberal Loyalty","Stilz, 2009"
"https://openalex.org/W4246409490","2011","Scott J. Shapiro","Legality","Shapiro, 2011"
"https://openalex.org/W4247016965","2009","George Sher","Who Knew?","Sher, 2009"
"https://openalex.org/W4247328545","2007","Brian Leiter","Naturalizing Jurisprudence","Leiter, 2007"
"https://openalex.org/W4247705233","2005","Neil MacCormick","Rhetoric and The Rule of Law","Cormick, 2005"
"https://openalex.org/W4249137940","2007","F. M. Kamm","Intricate Ethics","Kamm, 2007"
"https://openalex.org/W4249660273","2009","Andrei Marmor","Social Conventions","Marmor, 2009"
"https://openalex.org/W4250874723","1973","John Kleinig","Punishment and Desert","Kleinig, 1973"
"https://openalex.org/W4252041694","1987","Leo Katz","Bad Acts and Guilty Minds","Katz, 1987"
"https://openalex.org/W4252382080","2009","Jeff McMahan","Killing in War","Mahan, 2009"
"https://openalex.org/W4252746852","2005","Andrew von Hirsch","Proportionate Sentencing","Hirsch, 2005"
"https://openalex.org/W4253213974","2011","Victor Tadros","The Ends of HarmThe Moral Foundations of Criminal Law","Tadros, 2011"
"https://openalex.org/W4256146388","2012","Aharon Barak","Proportionality (2)","Barak, 2012"
"https://openalex.org/W4256187362","1983","Holly M. Smith","Culpable Ignorance","Smith, 1983"
"https://openalex.org/W4256377232","2007","Richard L. Lippke","Rethinking Imprisonment","Lippke, 2007"
"https://openalex.org/W4299576614","2012","Michael McKenna","Conversation and Responsibility","Kenna, 2012"
"https://openalex.org/W4300183020","2012","Kai Möller","The Global Model of Constitutional Rights","NA, 2012"
"https://openalex.org/W566113205","2001","Christopher J. Eberle","Religious Conviction in Liberal Politics","Eberle, 2001"
"https://openalex.org/W591567873","2006","Ronald Dworkin","Justice in Robes","Dworkin, 2006"
"https://openalex.org/W591898085","2004","Brian Z. Tamanaha","On the Rule of Law: History, Politics, Theory","Tamanaha, 2004"
"https://openalex.org/W601080578","1974","Stephen J. Schulhofer","Harm and Punishment: A Critique of Emphasis on the Results of Conduct in the Criminal Law","Schulhofer, 1974"
"https://openalex.org/W602185764","2001","Brian Z. Tamanaha","A General Jurisprudence of Law and Society","Tamanaha, 2001"
"https://openalex.org/W608166339","2014","Derk Pereboom","Free Will, Agency, and Meaning in Life","Pereboom, 2014"
"https://openalex.org/W624738686","1984","Jeremy Waldron","Theories of rights","Waldron, 1984"
"https://openalex.org/W641694425","2011","Bruce N. Waller","Against Moral Responsibility","Waller, 2011"
"https://openalex.org/W780916835","1994","Stephen J. Morse","Culpability and Control","Morse, 1994"
"https://openalex.org/W931101581","2015","Joshua Glasgow","The Expressivist Theory of Punishment Defended","Glasgow, 2015"
"https://openalex.org/W612439035","2008",NA,"Democratic authority: a philosophical framework","NA, 2008"
"https://openalex.org/W2125760001","2005","Robert Alexy","Balancing, constitutional review, and representation","Alexy, 2005"
"https://openalex.org/W4214714296","1999","Jeremy Waldron","The Dignity of Legislation","Waldron, 1999"
"https://openalex.org/W4243106458","2017","Jeremy Waldron","A Right-Based Critique of Constitutional Rights†","Waldron, 2017"
"https://openalex.org/W631662096","2009","Aileen Kavanagh","Constitutional Review under the UK Human Rights Act","Kavanagh, 2009"
"https://openalex.org/W36181781","1991","Michael Louis Corrado","Notes on the Structure of a Theory of Excuses","Corrado, 1991"
"https://openalex.org/W55672654","1986","Randy E. Barnett","A Consent Theory of Contract","Barnett, 1986"
"https://openalex.org/W2500852618","1998","S. L. Marshall","Criminalization and Sharing Wrongs","Marshall, 1998"
"https://openalex.org/W2476417175","1991","Mike McDonald","Should Communities Have Rights? Reflections on Liberal Individualism","Donald, 1991"
"https://openalex.org/W3122213749","1988","Denise G. Reaume","Individuals, Groups, and Rights to Public Goods","Reaume, 1988"
"https://openalex.org/W2796328480","1982","Peter Westen","The Empty Idea of Equality","Westen, 1982"
"https://openalex.org/W2156017621","2003","G. A. Cohen","Facts and Principles","Cohen, 2003"
"https://openalex.org/W4213273311","2008","Carl Schmitt","Constitutional Theory","Schmitt, 2008"
"https://openalex.org/W2601198735","2001","Tony Honoré","Responsibility and Fault","NA, 2001"
"https://openalex.org/W937120752","1986","Hans Kelsen","Teoría pura del derecho","Kelsen, 1986"
"https://openalex.org/W2508633680","1982","Richard Burgh","Do the Guilty Deserve Punishment?","Burgh, 1982"
"https://openalex.org/W606236685","2009","Lawrence A. Alexander","Crime and Culpability: A Theory of Criminal Law","Alexander, 2009"
"https://openalex.org/W4255738592","1976","Duncan F. Kennedy","Form and Substance in Private Law Adjudication","Kennedy, 1976"
"https://openalex.org/W3123601285","2012","John Oberdiek","THE MORAL SIGNIFICANCE OF RISKING","Oberdiek, 2012"
"https://openalex.org/W771844476","2000","David Lewis","Causation as Influence","Lewis, 2000"
"https://openalex.org/W2068516104","2012","S. Matthew Liao","Intentions and Moral Permissibility: The Case of Acting Permissibly with Bad Intentions","Liao, 2012"
"https://openalex.org/W4252316183","2011","Christian List","Group Agency","List, 2011"
"https://openalex.org/W4289790859","1996","Immanuel Kant","Kant: The Metaphysics of Morals","Kant, 1996"
"https://openalex.org/W2140256766","1994","Giovanni Sartor","A Formal Model of Legal Argumentation","Sartor, 1994"
"https://openalex.org/W4241923257","1997","Jaap Hage","Reasoning with Rules","Hage, 1997"
"https://openalex.org/W595331111","2012","Matthias Klatt","The Constitutional Structure of Proportionality","Klatt, 2012"
"https://openalex.org/W580866281","2016","Tom Campbell","The Legal Theory of Ethical Positivism","Campbell, 2016"
"https://openalex.org/W596848025","2001","Julie Dickson","Evaluation and Legal Theory","Dickson, 2001"
"https://openalex.org/W642225766","2000","Timothy Endicott","Vagueness in Law","Endicott, 2000"
"https://openalex.org/W3123084450","2004","Victor Tadros","The Presumption of Innocence and the Human Rights Act","Tadros, 2004"
"https://openalex.org/W4243740988","1965","H. L. A. Hart","The Morality of Law","Hart, 1965"
"https://openalex.org/W561817843","2001","Jules L. Coleman","Hart’s PostscriptEssays on the Postscript to ‘The Concept of Law’","Coleman, 2001"
"https://openalex.org/W587172163","2014","Frederick Schauer","The Force of Law","Schauer, 2014"
"https://openalex.org/W842137479","1957","H. L. A. Hart","Analytical Jurisprudence in Mid-Twentieth Century: A Reply to Professor Bodenheimer","Hart, 1957"
"https://openalex.org/W4247225418",NA,NA,NA,"NA, NA"
"https://openalex.org/W798000251","1994","Kimberly D. Kessler","The Role of Luck in the Criminal Law","Kessler, 1994"
"https://openalex.org/W945552348","2008","David Boonin","The Problem of Punishment","Boonin, 2008"
"https://openalex.org/W2162584304","1996","R. A. Duff","Penal Communications: Recent Work in the Philosophy of Punishment","Duff, 1996"
"https://openalex.org/W2023314357","1982","Alan S. Goldman","Toward a new theory of punishment","Goldman, 1982"
"https://openalex.org/W2107222031","1982","Ernest L. Fortin","The New Rights Theory and the Natural Law","Fortin, 1982"
"https://openalex.org/W322154639","1983","Richard A. Posner","Statutory Interpretation: In the Classroom and in the Courtroom","Posner, 1983"
"https://openalex.org/W4234943248","1990","Stephen R. Munzer","A Theory of Property","Munzer, 1990"
"https://openalex.org/W4241062780","1769","William Blackstone","Commentaries on The Laws Of England","Blackstone, 1769"
"https://openalex.org/W4248447990","1951","G. H. VON WRIGHT","I. DEONTIC LOGIC","NA, 1951"
"https://openalex.org/W4255817502","1930","Karl N. Llewellyn","A Realistic Jurisprudence -- The Next Step","Llewellyn, 1930"
"https://openalex.org/W3123292543","2009","Nicole Vincent","On the Relevance of Neuroscience to Criminal Responsibility","Vincent, 2009"
"https://openalex.org/W3123885751","2019","David Enoch","SENSITIVITY, SAFETY, AND THE LAW: A REPLY TO PARDO","Enoch, 2019"
"https://openalex.org/W4232839103","2006","Larry Laudan","Truth, Error, and Criminal Law","Laudan, 2006"
"https://openalex.org/W4232964828","1985","Charles Nesson","The Evidence or the Event? On Judicial Proof and the Acceptability of Verdicts","Nesson, 1985"
"https://openalex.org/W4248954475","2007","Ralph Wedgwood","The Nature of Normativity","Wedgwood, 2007"
"https://openalex.org/W596443701","1996","Nicos Stavropoulos","Objectivity in Law","Stavropoulos, 1996"
"https://openalex.org/W839987907","1994","F. M. Kamm","Action, Omission, and the Stringency of Duties","Kamm, 1994"
"https://openalex.org/W613866574","1992","Jerzy Wróblewski","The Judicial Application of Law","NA, 1992"
"https://openalex.org/W4238254087","2004","Philip Pettit","Depoliticizing Democracy","Pettit, 2004"
"https://openalex.org/W4252669962","1998","William A. Edmundson","Three Anarchical Fallacies","Edmundson, 1998"
"https://openalex.org/W2171477498","2006","Neil Delaney","Two Cheers for “Closeness”: Terror, Targeting and Double Effect","Delaney, 2006"
"https://openalex.org/W4213358734","2003","Alan Wertheimer","Consent to Sexual Relations","Wertheimer, 2003"
"https://openalex.org/W3121722228","2008","John Finnis","Marriage","Finnis, 2008"
"https://openalex.org/W2797917190","1992","Donald A. Dripps","Beyond Rape: An Essay on the Difference between the Presence of Force and the Absence of Consent","Dripps, 1992"
"https://openalex.org/W2322510918","1965","Germain Grisez","The First Principle of Practical Reason: A Commentary on the Summa theologiae, 1-2, Question 94, Article 2","Grisez, 1965"
"https://openalex.org/W2335299818","1980","Lawrence A. Alexander","The Doomsday Machine","Alexander, 1980"
"https://openalex.org/W2735881786","1978","Hugo Adam Bedau","Retribution and the Theory of Punishment","Bedau, 1978"
"https://openalex.org/W4299854466","1979","Jeffrie G. Murphy","Retribution, Justice, and Therapy","Murphy, 1979"
"https://openalex.org/W2055089609","1994","Brian Hudson","Beyond proportionate punishment: Difficult cases and the 1991 Criminal Justice Act","Hudson, 1994"
"https://openalex.org/W72162311","1982","T. M. Scanlon","Contractualism and utilitarianism","Scanlon, 1982"
"https://openalex.org/W2796476225","1977","David Lyons","Principles, Positivism, and Legal Theory","Lyons, 1977"
"https://openalex.org/W4251834772","1989","Ronald Dworkin","Liberal Community","Dworkin, 1989"
"https://openalex.org/W578225284","1985","Richard A. Posner","An Economic Theory of the Criminal Law","Posner, 1985"
"https://openalex.org/W3125701050","2008","Kenneth M. Ehrenberg","Defending the Possibility of a Neutral Functional Theory of Law","Ehrenberg, 2008"
"https://openalex.org/W2126625678","1993","R. A. Duff","Choice, character, and criminal liability","Duff, 1993"
"https://openalex.org/W2209158330","1984","Neil MacCormick","Coherence in Legal Justification","Cormick, 1984"
"https://openalex.org/W2072355180","1970","Germain Grisez","Toward a Consistent Natural-Law Ethics of Killing","Grisez, 1970"
"https://openalex.org/W3125856946","2000",NA,"10.1023/B:LAPH.0000004356.03016.d5","NA, 2000"
"https://openalex.org/W643806297","1929","Leon Green","Are There Dependable Rules of Causation?","Green, 1929"
"https://openalex.org/W3124514122","2004","Henry Prakken","The Three Faces of Defeasibility in the Law","Prakken, 2004"
"https://openalex.org/W86809718","1995","Neil MacCormick","Defeasibility in Law and Logic","Cormick, 1995"
"https://openalex.org/W832967940","2015","Adam Rigoni","An improved factor based approach to precedential constraint","Rigoni, 2015"
"https://openalex.org/W4253049892","1995","Jürgen Habermas","Reconciliation Through the Public use of Reason: Remarks on John Rawls's Political Liberalism","Habermas, 1995"
"https://openalex.org/W49647102","1988","Stephen R. Holmes","Precommitment and the paradox of democracy","Holmes, 1988"
"https://openalex.org/W839013238","1994","Alvin I. Goldman","Action and Crime: A Fine-Grained Approach","Goldman, 1994"
"https://openalex.org/W2134761332","2000","Robert Alexy","On the Thesis of a Necessary Connection between Law and Morality: Bulygin's Critique","Alexy, 2000"
"https://openalex.org/W2327095970","1990","Clifford B. Anderson","The Economy of the Earth","Anderson, 1990"
"https://openalex.org/W3123643513","2005","Mitchell E. Berman","Lesser Evils and Justification: A Less Close Look","Berman, 2005"
"https://openalex.org/W3123251767","2006","Kok-Chor Tan","The Boundary of Justice and the Justice of Boundaries: Defending Global Egalitarianism","Tan, 2006"
"https://openalex.org/W3122769780","2007","Philip Soper","In Defense of Classical Natural Law in Legal Theory: Why Unjust Law is No Law at All","Soper, 2007"
"https://openalex.org/W4256483923","2009","David Estlund","Democratic Authority","Estlund, 2009"
"https://openalex.org/W2989687078","1988","Jean Hampton","The retributive idea","Hampton, 1988"
"https://openalex.org/W3123819108","2000","Matthew D. Adler","Expressive Theories of Law: A Skeptical Overview","Adler, 2000"
"https://openalex.org/W4229910647","1964","John R. Searle","How to Derive ""Ought"" From ""Is""","Searle, 1964"
"https://openalex.org/W4239045287","1991","Heidi M. Hurd","Challenging Authority","Hurd, 1991"
"https://openalex.org/W4250944673","2011","Andrei Marmor","Philosophy of Law","Marmor, 2011"
"https://openalex.org/W598719895","2011","Jocelyn Maclure","Secularism and Freedom of Conscience","Maclure, 2011"
"https://openalex.org/W3122322167","2006","Peter Westen","An Attitudinal Theory of Excuse","Westen, 2006"
"https://openalex.org/W4232603964","1957","Alf Ross","Tu-Tu","Ross, 1957"
"https://openalex.org/W2168724035","2014","Ludvig Beckman","The Subjects of Collectively Binding Decisions: Democratic Inclusion and Extraterritorial Law","Beckman, 2014"
"https://openalex.org/W637633160","1995","Brian H. Bix","Law, Language, and Legal Determinacy","Bix, 1995"
"https://openalex.org/W3122992778","2012","Francisco Zúñiga Urbina","A Critique of Proportionality","Urbina, 2012"
"https://openalex.org/W3123333684","2000","Barbara Baum Levenbook","THE MEANING OF A PRECEDENT","Levenbook, 2000"
"https://openalex.org/W598240946","2007","Matthew H. Kramer","Objectivity and the Rule of Law","Kramer, 2007"
"https://openalex.org/W855050863","1980","Norman Daniels","Reflective Equilibrium and Archimedean Points","Daniels, 1980"
"https://openalex.org/W3123681693","2004","William A. Edmundson","STATE OF THE ART:","Edmundson, 2004"
"https://openalex.org/W4247770540",NA,NA,NA,"NA, NA"
"https://openalex.org/W4253759836","2002",NA,"Convention","NA, 2002"
"https://openalex.org/W4249863207","1960","P. T. Geach","Ascriptivism","Geach, 1960"
"https://openalex.org/W4241096513","1989","Manabu Matsuda","Public Response to Racist Speech: Considering the Victim's Story","Matsuda, 1989"
"https://openalex.org/W3123835566","2005","Frank Haldemann","Gustav Radbruch vs. Hans Kelsen: A Debate on Nazi Law*","Haldemann, 2005"
"https://openalex.org/W4244035258","1988","Frederick Schauer","Formalism","Schauer, 1988"
"https://openalex.org/W625842885","2006","Brian Z. Tamanaha","Law as a Means to an End","Tamanaha, 2006"
"https://openalex.org/W4253389866","1994","Michael O. Hardimon","Role Obligations","Hardimon, 1994"
"https://openalex.org/W3126143484","1999","Seana Valentine Shiffrin","WRONGFUL LIFE, PROCREATIVE RESPONSIBILITY, AND THE SIGNIFICANCE OF HARM","Shiffrin, 1999"
"https://openalex.org/W947116432","2009","William Twining","General Jurisprudence","Twining, 2009"
"https://openalex.org/W4299511094","2017","Joseph Raz","Authority, Law and Morality 1","Raz, 2017"
